name,address,city,arrondissement,neighborhood,category,cuisine,price_range,rating,review_count,latitude,longitude,google_maps_url,website_url,booking_url,description
114 Faubourg,"Rue du Faubourg Saint-Honoré, Paris, France",Paris,,,restaurant,,€€€€,4.7,454,48.8717796,2.3144678,https://maps.google.com/?cid=2154612531161811698&g_mp=CiVnb29nbGUubWFwcy5wbGFjZXMudjEuUGxhY2VzLkdldFBsYWNlEAIYBCAA,https://www.oetkercollection.com/fr/hotels/le-bristol-paris/restaurants-et-bar/restaurants/114-faubourg/,https://thefork.fr/restaurant/le-114-faubourg-le-bristol-paris-r291345/?cc=24751-923,"Type: French Restaurant
Price: €€€€
Google: 4.7 (454 reviews)
Food types: restaurant
Tags: Bistrot, Frenchie, Gastro / higher end
Google summary: Elevated dishes & tasting menus in a chic brasserie with plush seats & bold floral wall prints.
Google Maps: https://maps.google.com/?cid=2154612531161811698&g_mp=CiVnb29nbGUubWFwcy5wbGFjZXMudjEuUGxhY2VzLkdldFBsYWNlEAIYBCAA
Website: https://www.oetkercollection.com/fr/hotels/le-bristol-paris/restaurants-et-bar/restaurants/114-faubourg/
Booking: https://thefork.fr/restaurant/le-114-faubourg-le-bristol-paris-r291345/?cc=24751-923"
ANONA,"80 boulevard des Batignolles, Paris 75017",Paris,17e,,restaurant,,,4.7,1702,48.8820038,2.318627,https://maps.google.com/?cid=14487341996310914081&g_mp=CiVnb29nbGUubWFwcy5wbGFjZXMudjEuUGxhY2VzLkdldFBsYWNlEAIYBCAA,http://www.anona.fr/,https://bookings.zenchef.com/results?rid=352333&fullscreen=1&mini=0&pid=mapstr&primaryColor=FFC222&type=web,"Type: French Restaurant
Arrondissement: 17e
Google: 4.7 (1,702 reviews)
Food types: restaurant
Tags: Gastro / higher end
Google summary: Sophisticated cuisine & tasting menus with a sustainable focus at a sleek venue with a terrace.
Google Maps: https://maps.google.com/?cid=14487341996310914081&g_mp=CiVnb29nbGUubWFwcy5wbGFjZXMudjEuUGxhY2VzLkdldFBsYWNlEAIYBCAA
Website: http://www.anona.fr/
Booking: https://bookings.zenchef.com/results?rid=352333&fullscreen=1&mini=0&pid=mapstr&primaryColor=FFC222&type=web"
Akabeko − Restaurant Fusion Français et Japonais,"40 Rue de l'Université, 75007 Paris, France",Paris,7e,,restaurant,,,4.8,635,48.8576718,2.3284201,https://maps.google.com/?cid=1901445872533971391&g_mp=CiVnb29nbGUubWFwcy5wbGFjZXMudjEuUGxhY2VzLkdldFBsYWNlEAIYBCAA,https://akabekorestaurant.com/,https://akabekorestaurant.com/restaurant-reserver/,"Type: French Restaurant
Arrondissement: 7e
Google: 4.8 (635 reviews)
Food types: restaurant
Tags: Gastro / higher end, Restaurant
Google Maps: https://maps.google.com/?cid=1901445872533971391&g_mp=CiVnb29nbGUubWFwcy5wbGFjZXMudjEuUGxhY2VzLkdldFBsYWNlEAIYBCAA
Website: https://akabekorestaurant.com/
Booking: https://akabekorestaurant.com/restaurant-reserver/"
Ambos,"38 Rue de Vaugirard, 75006 Paris, France",Paris,6e,,restaurant,,,4.8,472,48.8493205,2.335224,https://maps.google.com/?cid=13800952535615180196&g_mp=CiVnb29nbGUubWFwcy5wbGFjZXMudjEuUGxhY2VzLkdldFBsYWNlEAIYBCAA,https://www.ambos-restaurant.fr/,https://thefork.fr/restaurant/ambos-r745197/?cc=24751-923,"Type: French Restaurant
Arrondissement: 6e
Google: 4.8 (472 reviews)
Food types: restaurant
Tags: Gastro / higher end, Thaï, Frenchie
Google Maps: https://maps.google.com/?cid=13800952535615180196&g_mp=CiVnb29nbGUubWFwcy5wbGFjZXMudjEuUGxhY2VzLkdldFBsYWNlEAIYBCAA
Website: https://www.ambos-restaurant.fr/
Booking: https://thefork.fr/restaurant/ambos-r745197/?cc=24751-923"
Anne,"28 Place des Vosges, 75003 Paris, France",Paris,3e,,restaurant,,,4.8,551,48.8562363,2.3660257,https://maps.google.com/?cid=2852299900381324740&g_mp=CiVnb29nbGUubWFwcy5wbGFjZXMudjEuUGxhY2VzLkdldFBsYWNlEAIYBCAA,http://www.pavillon-de-la-reine.com/fr/restaurant-et-bar/restaurant-anne.html,https://bookings.zenchef.com/results?rid=358340&fullscreen=1&mini=0&pid=mapstr&primaryColor=FFC222&type=web,"Type: Fine Dining Restaurant
Arrondissement: 3e
Google: 4.8 (551 reviews)
Food types: restaurant
Tags: Gastro / higher end
Google Maps: https://maps.google.com/?cid=2852299900381324740&g_mp=CiVnb29nbGUubWFwcy5wbGFjZXMudjEuUGxhY2VzLkdldFBsYWNlEAIYBCAA
Website: http://www.pavillon-de-la-reine.com/fr/restaurant-et-bar/restaurant-anne.html
Booking: https://bookings.zenchef.com/results?rid=358340&fullscreen=1&mini=0&pid=mapstr&primaryColor=FFC222&type=web"
Astrance,"32 Rue de Longchamp, 75116 Paris, France",Paris,16e,,restaurant,,€€€€,4.5,446,48.8655418,2.2831628,https://maps.google.com/?cid=1475113752476653515&g_mp=CiVnb29nbGUubWFwcy5wbGFjZXMudjEuUGxhY2VzLkdldFBsYWNlEAIYBCAA,http://www.astrancerestaurant.com/,https://thefork.fr/restaurant/astrance-r688509/?cc=24751-923,"Type: French Restaurant
Arrondissement: 16e
Price: €€€€
Google: 4.5 (446 reviews)
Food types: restaurant
Tags: Gastro / higher end, Restaurant
Google Maps: https://maps.google.com/?cid=1475113752476653515&g_mp=CiVnb29nbGUubWFwcy5wbGFjZXMudjEuUGxhY2VzLkdldFBsYWNlEAIYBCAA
Website: http://www.astrancerestaurant.com/
Booking: https://thefork.fr/restaurant/astrance-r688509/?cc=24751-923"
Aux Lyonnais,32 rue Saint-Marc Paris 75002,Paris,2e,,restaurant,,€€€,4.4,1246,48.8707405,2.3387362,https://maps.google.com/?cid=868440092026751739&g_mp=CiVnb29nbGUubWFwcy5wbGFjZXMudjEuUGxhY2VzLkdldFBsYWNlEAIYBCAA,https://www.auxlyonnais.com/,https://bookings.zenchef.com/results?rid=373682&fullscreen=1&mini=0&pid=mapstr&primaryColor=FFC222&type=web,"Type: French Restaurant
Arrondissement: 2e
Price: €€€
Google: 4.4 (1,246 reviews)
Food types: restaurant
Tags: Bistrot, Gastro / higher end
Google summary: Sophisticated takes on classic Lyon specialties in an elegant Art Deco bistro with vintage features.
Google Maps: https://maps.google.com/?cid=868440092026751739&g_mp=CiVnb29nbGUubWFwcy5wbGFjZXMudjEuUGxhY2VzLkdldFBsYWNlEAIYBCAA
Website: https://www.auxlyonnais.com/
Booking: https://bookings.zenchef.com/results?rid=373682&fullscreen=1&mini=0&pid=mapstr&primaryColor=FFC222&type=web"
Blueberry Maki Bar,"6 Rue du Sabot, 75006 Paris, France",Paris,6e,,restaurant,,,4.5,1510,48.85277059999999,2.3314671,https://maps.google.com/?cid=5139195972309453817&g_mp=CiVnb29nbGUubWFwcy5wbGFjZXMudjEuUGxhY2VzLkdldFBsYWNlEAIYBCAA,http://www.blueberrymakibar.com/,https://www.blueberrymakibar.com/menus,"Type: Sushi Restaurant
Arrondissement: 6e
Google: 4.5 (1,510 reviews)
Food types: restaurant
Tags: Japanese, Restaurant, Gastro / higher end, Trendy
Google summary: Chic modern Japanese-style gastrobar with an open kitchen, serving creative sushi rolls & cocktails.
Google Maps: https://maps.google.com/?cid=5139195972309453817&g_mp=CiVnb29nbGUubWFwcy5wbGFjZXMudjEuUGxhY2VzLkdldFBsYWNlEAIYBCAA
Website: http://www.blueberrymakibar.com/
Booking: https://www.blueberrymakibar.com/menus"
Bonnie Club,"17 boulevard Morland, Paris 75004",Paris,4e,,restaurant,,,2.8,479,48.84999291245329,2.363233160730536,https://maps.google.com/?cid=4384601614667449030&g_mp=CiVnb29nbGUubWFwcy5wbGFjZXMudjEuUGxhY2VzLkdldFBsYWNlEAIYBCAA,http://bonnie-restaurant.com/,,"Type: Night Club
Arrondissement: 4e
Google: 2.8 (479 reviews)
Food types: restaurant
Tags: Restaurant, Gastro / higher end
Google Maps: https://maps.google.com/?cid=4384601614667449030&g_mp=CiVnb29nbGUubWFwcy5wbGFjZXMudjEuUGxhY2VzLkdldFBsYWNlEAIYBCAA
Website: http://bonnie-restaurant.com/"
Boubalé,"Rue des Archives, Paris, France",Paris,,,restaurant,,,4.2,646,48.8573066,2.354373,https://maps.google.com/?cid=17646922851684278211&g_mp=CiVnb29nbGUubWFwcy5wbGFjZXMudjEuUGxhY2VzLkdldFBsYWNlEAIYBCAA,https://www.legrandmazarin.com/restaurant/,https://thefork.fr/restaurant/boubale-r831784/?cc=24751-923,"Type: Mediterranean Restaurant
Google: 4.2 (646 reviews)
Food types: restaurant
Tags: Israeli, Gastro / higher end
Google Maps: https://maps.google.com/?cid=17646922851684278211&g_mp=CiVnb29nbGUubWFwcy5wbGFjZXMudjEuUGxhY2VzLkdldFBsYWNlEAIYBCAA
Website: https://www.legrandmazarin.com/restaurant/
Booking: https://thefork.fr/restaurant/boubale-r831784/?cc=24751-923"
Caffè Stern,"47 Pass. des Panoramas, 75002 Paris, France",Paris,2e,,restaurant,,€€€,4.4,459,48.8708944,2.3415247,https://maps.google.com/?cid=6345358125428023509&g_mp=CiVnb29nbGUubWFwcy5wbGFjZXMudjEuUGxhY2VzLkdldFBsYWNlEAIYBCAA,https://www.alajmo.it/en/sezione/caffe-stern/caffe-stern,https://thefork.fr/restaurant/stern-ristorante-r345083/?cc=24751-923,"Type: Italian Restaurant
Arrondissement: 2e
Price: €€€
Google: 4.4 (459 reviews)
Food types: restaurant
Tags: Restaurant, Gastro / higher end, Italian
Google Maps: https://maps.google.com/?cid=6345358125428023509&g_mp=CiVnb29nbGUubWFwcy5wbGFjZXMudjEuUGxhY2VzLkdldFBsYWNlEAIYBCAA
Website: https://www.alajmo.it/en/sezione/caffe-stern/caffe-stern
Booking: https://thefork.fr/restaurant/stern-ristorante-r345083/?cc=24751-923"
Cloche Paris,"Rue Coq Héron, Paris, France",Paris,,,restaurant,,,3.9,239,48.86423260000001,2.3418651,https://maps.google.com/?cid=374123235033211080&g_mp=CiVnb29nbGUubWFwcy5wbGFjZXMudjEuUGxhY2VzLkdldFBsYWNlEAIYBCAA,https://www.instagram.com/clocheclochecloche/?hl=fr,http://www.opentable.fr/r/cloche-paris?ref=17374,"Type: Bistro
Google: 3.9 (239 reviews)
Food types: restaurant
Tags: Bistrot, Gastro / higher end
Google Maps: https://maps.google.com/?cid=374123235033211080&g_mp=CiVnb29nbGUubWFwcy5wbGFjZXMudjEuUGxhY2VzLkdldFBsYWNlEAIYBCAA
Website: https://www.instagram.com/clocheclochecloche/?hl=fr
Booking: http://www.opentable.fr/r/cloche-paris?ref=17374"
Cypsèle,"11 Rue des Deux Ponts, 75004 Paris, France",Paris,4e,,restaurant,,,4.9,64,48.8515612,2.3562119,https://maps.google.com/?cid=10048066919460382614&g_mp=CiVnb29nbGUubWFwcy5wbGFjZXMudjEuUGxhY2VzLkdldFBsYWNlEAIYBCAA,https://cypsele.fr/,https://thefork.fr/restaurant/cypsele-r850284/?cc=24751-923,"Type: Restaurant
Arrondissement: 4e
Google: 4.9 (64 reviews)
Food types: restaurant
Tags: Gastro / higher end, Restaurant
Google Maps: https://maps.google.com/?cid=10048066919460382614&g_mp=CiVnb29nbGUubWFwcy5wbGFjZXMudjEuUGxhY2VzLkdldFBsYWNlEAIYBCAA
Website: https://cypsele.fr/
Booking: https://thefork.fr/restaurant/cypsele-r850284/?cc=24751-923"
Dilia,"1 Rue d'Eupatoria, 75020 Paris, France",Paris,20e,,restaurant,,,,,48.86864389999999,2.3862279,https://www.google.com/maps/search/?api=1&query=Dilia%2C%20Paris%2C%20France,http://www.dilia.fr/,https://bookings.zenchef.com/results?rid=353401&fullscreen=1&mini=0&pid=mapstr&primaryColor=FFC222&type=web,"Arrondissement: 20e
Food types: restaurant
Tags: Frenchie, Restaurant, Gastro / higher end
Google Maps: https://www.google.com/maps/search/?api=1&query=Dilia%2C%20Paris%2C%20France
Website: http://www.dilia.fr/
Booking: https://bookings.zenchef.com/results?rid=353401&fullscreen=1&mini=0&pid=mapstr&primaryColor=FFC222&type=web"
Guefen,"Rue du Vertbois, Paris, France",Paris,,,restaurant,,,4.9,351,48.86673355102539,2.358614206314087,https://maps.google.com/?cid=8462677400349660271&g_mp=CiVnb29nbGUubWFwcy5wbGFjZXMudjEuUGxhY2VzLkdldFBsYWNlEAIYBCAA,http://guefen.fr/,https://thefork.fr/restaurant/guefen-r833328/?cc=24751-923,"Type: French Restaurant
Google: 4.9 (351 reviews)
Food types: restaurant
Tags: Israeli, Gastro / higher end
Google Maps: https://maps.google.com/?cid=8462677400349660271&g_mp=CiVnb29nbGUubWFwcy5wbGFjZXMudjEuUGxhY2VzLkdldFBsYWNlEAIYBCAA
Website: http://guefen.fr/
Booking: https://thefork.fr/restaurant/guefen-r833328/?cc=24751-923"
Hanabi,"4 Impasse des Carrières, 75116 Paris, France",Paris,16e,,restaurant,,,4.6,199,48.86945343017578,2.336555480957031,https://maps.google.com/?cid=16340409597852867769&g_mp=CiVnb29nbGUubWFwcy5wbGFjZXMudjEuUGxhY2VzLkdldFBsYWNlEAIYBCAA,https://www.hotelhana-paris.com/restaurant-bar,https://bookings.zenchef.com/results?rid=362937&pid=mapstr&isPreview=1,"Type: Japanese Restaurant
Arrondissement: 16e
Google: 4.6 (199 reviews)
Food types: restaurant
Tags: Restaurant, ❤️, Asian, Gastro / higher end
Google Maps: https://maps.google.com/?cid=16340409597852867769&g_mp=CiVnb29nbGUubWFwcy5wbGFjZXMudjEuUGxhY2VzLkdldFBsYWNlEAIYBCAA
Website: https://www.hotelhana-paris.com/restaurant-bar
Booking: https://bookings.zenchef.com/results?rid=362937&pid=mapstr&isPreview=1"
Hôtel Lutetia,"Boulevard Raspail, Paris, France",Paris,,,"lodging, hotel",,,4.6,2442,48.8512444,2.3272379,https://maps.google.com/?cid=12921620010862496306&g_mp=CiVnb29nbGUubWFwcy5wbGFjZXMudjEuUGxhY2VzLkdldFBsYWNlEAIYBCAA,https://www.hotellutetia.com/,,"Type: Hotel
Google: 4.6 (2,442 reviews)
Food types: lodging, hotel
Tags: Hotel / BB, Cocktails, Bar, Gastro / higher end
Google summary: Stylish rooms & suites in a sophisticated hotel with an upscale brasserie, plus a pool & a spa.
Google Maps: https://maps.google.com/?cid=12921620010862496306&g_mp=CiVnb29nbGUubWFwcy5wbGFjZXMudjEuUGxhY2VzLkdldFBsYWNlEAIYBCAA
Website: https://www.hotellutetia.com/"
J.K. Place Paris,"82 Rue de Lille, 75007 Paris, France",Paris,7e,,"lodging, hotel",,,4.7,133,48.861187,2.321622,https://maps.google.com/?cid=17899975005371020574&g_mp=CiVnb29nbGUubWFwcy5wbGFjZXMudjEuUGxhY2VzLkdldFBsYWNlEAIYBCAA,http://www.jkplace.paris/,,"Type: Hotel
Arrondissement: 7e
Google: 4.7 (133 reviews)
Food types: lodging, hotel
Tags: Hotel / BB, Restaurant, Gastro / higher end
Google summary: Sophisticated rooms & suites in a high-end hotel with a formal dining room, a patio & free Wi-Fi.
Google Maps: https://maps.google.com/?cid=17899975005371020574&g_mp=CiVnb29nbGUubWFwcy5wbGFjZXMudjEuUGxhY2VzLkdldFBsYWNlEAIYBCAA
Website: http://www.jkplace.paris/"
Jaïs,"3 Rue Surcouf, 75007 Paris, France",Paris,7e,,restaurant,,,4.5,664,48.86205819999999,2.3094447,https://maps.google.com/?cid=1875691695314731698&g_mp=CiVnb29nbGUubWFwcy5wbGFjZXMudjEuUGxhY2VzLkdldFBsYWNlEAIYBCAA,https://www.le-jais.fr/,https://bookings.zenchef.com/results?rid=351858&fullscreen=1&mini=0&pid=mapstr&primaryColor=FFC222&type=web,"Type: French Restaurant
Arrondissement: 7e
Google: 4.5 (664 reviews)
Food types: restaurant
Tags: Gastro / higher end, Frenchie, Restaurant, Trendy
Google summary: Elegant, understated restaurant preparing refined, traditional bistro dishes with a modern twist.
Google Maps: https://maps.google.com/?cid=1875691695314731698&g_mp=CiVnb29nbGUubWFwcy5wbGFjZXMudjEuUGxhY2VzLkdldFBsYWNlEAIYBCAA
Website: https://www.le-jais.fr/
Booking: https://bookings.zenchef.com/results?rid=351858&fullscreen=1&mini=0&pid=mapstr&primaryColor=FFC222&type=web"
LV DREAM,"Rue du Pont Neuf, Paris, France",Paris,,,generic,,,4.4,1312,48.8601,2.34431,https://maps.google.com/?cid=7055613402810707574&g_mp=CiVnb29nbGUubWFwcy5wbGFjZXMudjEuUGxhY2VzLkdldFBsYWNlEAIYBCAA,,,"Type: Gift Shop
Google: 4.4 (1,312 reviews)
Food types: generic
Tags: Cafe, Pastry, Gastro / higher end
Google summary: Luxury brand known for signature monogrammed handbags, luggage & more.
Google Maps: https://maps.google.com/?cid=7055613402810707574&g_mp=CiVnb29nbGUubWFwcy5wbGFjZXMudjEuUGxhY2VzLkdldFBsYWNlEAIYBCAA"
La Réserve Paris Hotel and Spa,"42 Avenue Gabriel, 75008 Paris, Frankreich",Paris,8e,,"lodging, hotel",,,4.8,1250,48.8697628,2.3132848,https://maps.google.com/?cid=8133551870418437937&g_mp=CiVnb29nbGUubWFwcy5wbGFjZXMudjEuUGxhY2VzLkdldFBsYWNlEAIYBCAA,http://www.lareserve-paris.com/en/?utm_source=google&utm_medium=local&utm_campaign=la-reserve-paris,,"Type: Hotel
Arrondissement: 8e
Google: 4.8 (1,250 reviews)
Food types: lodging, hotel
Tags: Hotel / BB, Restaurant, Gastro / higher end
Google summary: Refined quarters with personal butlers in a plush hotel featuring a spa & 2 refined restaurants.
Google Maps: https://maps.google.com/?cid=8133551870418437937&g_mp=CiVnb29nbGUubWFwcy5wbGFjZXMudjEuUGxhY2VzLkdldFBsYWNlEAIYBCAA
Website: http://www.lareserve-paris.com/en/?utm_source=google&utm_medium=local&utm_campaign=la-reserve-paris"
Lafayette's restaurant rue d'Anjou,"Rue d'Anjou, Paris, France",Paris,,,restaurant,,,4.4,1160,48.8697748,2.320838,https://maps.google.com/?cid=12942500976107558915&g_mp=CiVnb29nbGUubWFwcy5wbGFjZXMudjEuUGxhY2VzLkdldFBsYWNlEAIYBCAA,http://www.ran-paris.com/,,"Type: Restaurant
Google: 4.4 (1,160 reviews)
Food types: restaurant
Tags: Trendy, Restaurant, Gastro / higher end, African, Frenchie
Google summary: Historic house offering French dishes in a refined, cozy setting.
Google Maps: https://maps.google.com/?cid=12942500976107558915&g_mp=CiVnb29nbGUubWFwcy5wbGFjZXMudjEuUGxhY2VzLkdldFBsYWNlEAIYBCAA
Website: http://www.ran-paris.com/"
Langosteria,"Cheval Blanc, 8 Quai du Louvre, 75001 Paris, France",Paris,1er,,restaurant,,,4.5,1115,48.8588971,2.3420459,https://maps.google.com/?cid=9149403307593030108&g_mp=CiVnb29nbGUubWFwcy5wbGFjZXMudjEuUGxhY2VzLkdldFBsYWNlEAIYBCAA,http://langosteria.com/,https://www.sevenrooms.com/reservations/langosteriaauchevalblancparis?lang=fr,"Type: Seafood Restaurant
Arrondissement: 1er
Google: 4.5 (1,115 reviews)
Food types: restaurant
Tags: Gastro / higher end, Restaurant
Google Maps: https://maps.google.com/?cid=9149403307593030108&g_mp=CiVnb29nbGUubWFwcy5wbGFjZXMudjEuUGxhY2VzLkdldFBsYWNlEAIYBCAA
Website: http://langosteria.com/
Booking: https://www.sevenrooms.com/reservations/langosteriaauchevalblancparis?lang=fr"
Le Clarence,"31 Avenue Franklin Delano Roosevelt, 75008 Paris, France",Paris,8e,,restaurant,,€€€€,4.7,827,48.86739540000001,2.3097858,https://maps.google.com/?cid=11879370148947669534&g_mp=CiVnb29nbGUubWFwcy5wbGFjZXMudjEuUGxhY2VzLkdldFBsYWNlEAIYBCAA,http://www.le-clarence.paris/,https://thefork.fr/restaurant/le-clarence-r74933/?cc=24751-923,"Type: French Restaurant
Arrondissement: 8e
Price: €€€€
Google: 4.7 (827 reviews)
Food types: restaurant
Tags: Gastro / higher end, Restaurant
Google summary: Regal option with an old-world ambiance featuring elevated classics & a wine cellar.
Google Maps: https://maps.google.com/?cid=11879370148947669534&g_mp=CiVnb29nbGUubWFwcy5wbGFjZXMudjEuUGxhY2VzLkdldFBsYWNlEAIYBCAA
Website: http://www.le-clarence.paris/
Booking: https://thefork.fr/restaurant/le-clarence-r74933/?cc=24751-923"
Le Relais Plaza,"21 Avenue Montaigne, 75008 Paris, France",Paris,8e,,restaurant,,€€€€,4.3,527,48.8661319,2.3038703,https://maps.google.com/?cid=10211892911784827070&g_mp=CiVnb29nbGUubWFwcy5wbGFjZXMudjEuUGxhY2VzLkdldFBsYWNlEAIYBCAA,https://www.dorchestercollection.com/en/paris/hotel-plaza-athenee/restaurants-bars/le-relais-plaza/,https://thefork.fr/restaurant/relais-plaza-hotel-plaza-athenee-r708537/?cc=24751-923,"Type: Restaurant
Arrondissement: 8e
Price: €€€€
Google: 4.3 (527 reviews)
Food types: restaurant
Tags: Gastro / higher end
Google summary: Gourmet takes on brasserie classics presented in a posh environment with art deco styling.
Google Maps: https://maps.google.com/?cid=10211892911784827070&g_mp=CiVnb29nbGUubWFwcy5wbGFjZXMudjEuUGxhY2VzLkdldFBsYWNlEAIYBCAA
Website: https://www.dorchestercollection.com/en/paris/hotel-plaza-athenee/restaurants-bars/le-relais-plaza/
Booking: https://thefork.fr/restaurant/relais-plaza-hotel-plaza-athenee-r708537/?cc=24751-923"
Le Voltaire - Restaurant et Brasserie Haut de Gamme,"Quai Voltaire, Paris, France",Paris,,,restaurant,,€€€€,4.3,522,48.85913249999999,2.330200899999999,https://maps.google.com/?cid=10508836296204151837&g_mp=CiVnb29nbGUubWFwcy5wbGFjZXMudjEuUGxhY2VzLkdldFBsYWNlEAIYBCAA,http://www.facebook.com/pages/Restaurant-Le-Voltaire/103437023055736,https://ib.guestonline.fr/instabook/bookings/8313/zB1TF8d,"Type: French Restaurant
Price: €€€€
Google: 4.3 (522 reviews)
Food types: restaurant
Tags: Bistrot, Gastro / higher end, Restaurant
Google summary: Traditional French cuisine served in a refined space with dark-wood paneling, or at terrace tables.
Google Maps: https://maps.google.com/?cid=10508836296204151837&g_mp=CiVnb29nbGUubWFwcy5wbGFjZXMudjEuUGxhY2VzLkdldFBsYWNlEAIYBCAA
Website: http://www.facebook.com/pages/Restaurant-Le-Voltaire/103437023055736
Booking: https://ib.guestonline.fr/instabook/bookings/8313/zB1TF8d"
LiLi,"19 Avenue Kléber, 75116 Paris, France",Paris,16e,,restaurant,,€€€€,4.3,438,48.8707617,2.2931271,https://maps.google.com/?cid=10861293123036694371&g_mp=CiVnb29nbGUubWFwcy5wbGFjZXMudjEuUGxhY2VzLkdldFBsYWNlEAIYBCAA,https://www.liliparis.fr/,https://thefork.fr/restaurant/lili-the-peninsula-paris-r66961/?cc=24751-923,"Type: Chinese Restaurant
Arrondissement: 16e
Price: €€€€
Google: 4.3 (438 reviews)
Food types: restaurant
Tags: Chinese, Gastro / higher end, Restaurant
Google summary: Artfully presented Chinese plates served in an elaborately decorated space with a warm ambience.
Google Maps: https://maps.google.com/?cid=10861293123036694371&g_mp=CiVnb29nbGUubWFwcy5wbGFjZXMudjEuUGxhY2VzLkdldFBsYWNlEAIYBCAA
Website: https://www.liliparis.fr/
Booking: https://thefork.fr/restaurant/lili-the-peninsula-paris-r66961/?cc=24751-923"
Maison François 1er,"64 Rue François 1er, 75008 Paris",Paris,8e,,restaurant,,,4.4,141,48.8701278,2.301795,https://maps.google.com/?cid=10187068009819630517&g_mp=CiVnb29nbGUubWFwcy5wbGFjZXMudjEuUGxhY2VzLkdldFBsYWNlEAIYBCAA,http://maisonfrancois1er.fr/,https://bookings.zenchef.com/results?rid=368221&fullscreen=1&mini=0&pid=mapstr&primaryColor=FFC222&type=web,"Type: Restaurant
Arrondissement: 8e
Google: 4.4 (141 reviews)
Food types: restaurant
Tags: Gastro / higher end, Restaurant
Google Maps: https://maps.google.com/?cid=10187068009819630517&g_mp=CiVnb29nbGUubWFwcy5wbGFjZXMudjEuUGxhY2VzLkdldFBsYWNlEAIYBCAA
Website: http://maisonfrancois1er.fr/
Booking: https://bookings.zenchef.com/results?rid=368221&fullscreen=1&mini=0&pid=mapstr&primaryColor=FFC222&type=web"
NAKATANI RESTAURANT,"27 Rue Pierre Leroux, 75007 Paris, France",Paris,7e,,restaurant,,,4.6,235,48.848413,2.319595,https://maps.google.com/?cid=4806012346561630813&g_mp=CiVnb29nbGUubWFwcy5wbGFjZXMudjEuUGxhY2VzLkdldFBsYWNlEAIYBCAA,http://www.restaurant-nakatani.com/,https://thefork.fr/restaurant/nakatani-r60859/?cc=24751-923,"Type: Fine Dining Restaurant
Arrondissement: 7e
Google: 4.6 (235 reviews)
Food types: restaurant
Tags: Japanese, Restaurant, Gastro / higher end
Google summary: Polished eatery offering gourmet fixed-price lunch & dinner menus, plus a robust wine list.
Google Maps: https://maps.google.com/?cid=4806012346561630813&g_mp=CiVnb29nbGUubWFwcy5wbGFjZXMudjEuUGxhY2VzLkdldFBsYWNlEAIYBCAA
Website: http://www.restaurant-nakatani.com/
Booking: https://thefork.fr/restaurant/nakatani-r60859/?cc=24751-923"
NHOME,"41 Rue de Montpensier, 75001 Paris, France",Paris,1er,,restaurant,,,4.7,259,48.86600419999999,2.337279,https://maps.google.com/?cid=4706471728891795741&g_mp=CiVnb29nbGUubWFwcy5wbGFjZXMudjEuUGxhY2VzLkdldFBsYWNlEAIYBCAA,https://nhomeparis.com/,https://thefork.fr/restaurant/nhome-r801617/?cc=24751-923,"Type: Fine Dining Restaurant
Arrondissement: 1er
Google: 4.7 (259 reviews)
Food types: restaurant
Tags: Restaurant, Gastro / higher end
Google Maps: https://maps.google.com/?cid=4706471728891795741&g_mp=CiVnb29nbGUubWFwcy5wbGFjZXMudjEuUGxhY2VzLkdldFBsYWNlEAIYBCAA
Website: https://nhomeparis.com/
Booking: https://thefork.fr/restaurant/nhome-r801617/?cc=24751-923"
Nolinski Paris,"16 Av. de l'Opéra, 75001 Paris, France",Paris,1er,,"lodging, hotel",,,4.5,505,48.8654726,2.3348535,https://maps.google.com/?cid=17592771650835775485&g_mp=CiVnb29nbGUubWFwcy5wbGFjZXMudjEuUGxhY2VzLkdldFBsYWNlEAIYBCAA,http://nolinskiparis.com/,http://www.opentable.fr/r/nolinski-paris?ref=17374,"Type: Hotel
Arrondissement: 1er
Google: 4.5 (505 reviews)
Food types: lodging, hotel
Tags: Hotel / BB, Gastro / higher end, Restaurant
Google summary: Chic rooms & suites in a polished hotel featuring 3 restaurant/bars, plus a spa with an indoor pool.
Google Maps: https://maps.google.com/?cid=17592771650835775485&g_mp=CiVnb29nbGUubWFwcy5wbGFjZXMudjEuUGxhY2VzLkdldFBsYWNlEAIYBCAA
Website: http://nolinskiparis.com/
Booking: http://www.opentable.fr/r/nolinski-paris?ref=17374"
Ojii,"6 Rue Perronet, 75007 Paris, France",Paris,7e,,restaurant,,,4.5,242,48.8553651,2.3304414,https://maps.google.com/?cid=10069997616376840727&g_mp=CiVnb29nbGUubWFwcy5wbGFjZXMudjEuUGxhY2VzLkdldFBsYWNlEAIYBCAA,https://www.ojii.fr/,http://www.opentable.fr/r/ojii-paris?ref=17374,"Type: Japanese Restaurant
Arrondissement: 7e
Google: 4.5 (242 reviews)
Food types: restaurant
Tags: Asian, Gastro / higher end, Japanese
Google Maps: https://maps.google.com/?cid=10069997616376840727&g_mp=CiVnb29nbGUubWFwcy5wbGFjZXMudjEuUGxhY2VzLkdldFBsYWNlEAIYBCAA
Website: https://www.ojii.fr/
Booking: http://www.opentable.fr/r/ojii-paris?ref=17374"
Passage 53,"53 Passage des Panoramas, 75002 Paris, France",Paris,2e,,restaurant,,,,,48.87117199999999,2.341695,https://www.google.com/maps/search/?api=1&query=Passage%2053%2C%20Paris%2C%20France,http://www.latabledu53.com/,,"Arrondissement: 2e
Food types: restaurant
Tags: Frenchie, Restaurant, Gastro / higher end
Google Maps: https://www.google.com/maps/search/?api=1&query=Passage%2053%2C%20Paris%2C%20France
Website: http://www.latabledu53.com/"
Porte 12,"12 Rue des Messageries, 75010 Paris, France",Paris,10e,,restaurant,,,,,48.8764397,2.3497817,https://www.google.com/maps/search/?api=1&query=Porte%2012%2C%20Paris%2C%20France,http://www.porte12.com/,,"Arrondissement: 10e
Food types: restaurant
Tags: Restaurant, Gastro / higher end, Trendy
Google Maps: https://www.google.com/maps/search/?api=1&query=Porte%2012%2C%20Paris%2C%20France
Website: http://www.porte12.com/"
Quinsou,"33 Rue de l'Abbé Grégoire, 75006 Paris, France",Paris,6e,,restaurant,,€€€€,4.4,412,48.8476946,2.3254803,https://maps.google.com/?cid=17673559145921728318&g_mp=CiVnb29nbGUubWFwcy5wbGFjZXMudjEuUGxhY2VzLkdldFBsYWNlEAIYBCAA,https://quinsou.business.site/,https://thefork.fr/restaurant/quinsou-r824305/?cc=24751-923,"Type: Fine Dining Restaurant
Arrondissement: 6e
Price: €€€€
Google: 4.4 (412 reviews)
Food types: restaurant
Tags: Frenchie, Restaurant, Gastro / higher end
Google summary: Innovative, artfully presented French-inspired dishes with wine pairings in a stylish setting.
Google Maps: https://maps.google.com/?cid=17673559145921728318&g_mp=CiVnb29nbGUubWFwcy5wbGFjZXMudjEuUGxhY2VzLkdldFBsYWNlEAIYBCAA
Website: https://quinsou.business.site/
Booking: https://thefork.fr/restaurant/quinsou-r824305/?cc=24751-923"
Restaurant A.T,"4bis Rue du Cardinal Lemoine, 75005 Paris, France",Paris,5e,,restaurant,,€€€€,4.7,597,48.84967229999999,2.3544485,https://maps.google.com/?cid=1886289038401998335&g_mp=CiVnb29nbGUubWFwcy5wbGFjZXMudjEuUGxhY2VzLkdldFBsYWNlEAIYBCAA,http://www.atsushitanaka.com/,,"Type: Fine Dining Restaurant
Arrondissement: 5e
Price: €€€€
Google: 4.7 (597 reviews)
Food types: restaurant
Tags: Restaurant, Gastro / higher end
Google summary: Minimalist space for strikingly presented set menus of contemporary Japanese-inspired dishes.
Google Maps: https://maps.google.com/?cid=1886289038401998335&g_mp=CiVnb29nbGUubWFwcy5wbGFjZXMudjEuUGxhY2VzLkdldFBsYWNlEAIYBCAA
Website: http://www.atsushitanaka.com/"
Restaurant Alan Geaam,"19 Rue Lauriston, 75016 Paris, France",Paris,16e,,restaurant,,€€€€,4.8,1120,48.8714325,2.2924576,https://maps.google.com/?cid=13333900603047881157&g_mp=CiVnb29nbGUubWFwcy5wbGFjZXMudjEuUGxhY2VzLkdldFBsYWNlEAIYBCAA,http://www.alangeaam.fr/,https://bookings.zenchef.com/results?rid=374696&fullscreen=1&mini=0&pid=mapstr&primaryColor=FFC222&type=web,"Type: Fine Dining Restaurant
Arrondissement: 16e
Price: €€€€
Google: 4.8 (1,120 reviews)
Food types: restaurant
Tags: Gastro / higher end, Libanese
Google summary: Imaginative, Lebanese-inflected French cuisine, plus wine pairings, in a sleek, understated space.
Google Maps: https://maps.google.com/?cid=13333900603047881157&g_mp=CiVnb29nbGUubWFwcy5wbGFjZXMudjEuUGxhY2VzLkdldFBsYWNlEAIYBCAA
Website: http://www.alangeaam.fr/
Booking: https://bookings.zenchef.com/results?rid=374696&fullscreen=1&mini=0&pid=mapstr&primaryColor=FFC222&type=web"
Restaurant Cèna,"23 Rue Treilhard, 75008 Paris, France",Paris,8e,,restaurant,,,4.5,142,48.87671630000001,2.3131153,https://maps.google.com/?cid=13320545348417439297&g_mp=CiVnb29nbGUubWFwcy5wbGFjZXMudjEuUGxhY2VzLkdldFBsYWNlEAIYBCAA,https://www.cena.restaurant/,https://thefork.fr/restaurant/cena-r848950/?cc=24751-923,"Type: French Restaurant
Arrondissement: 8e
Google: 4.5 (142 reviews)
Food types: restaurant
Tags: Gastro / higher end, Restaurant
Google Maps: https://maps.google.com/?cid=13320545348417439297&g_mp=CiVnb29nbGUubWFwcy5wbGFjZXMudjEuUGxhY2VzLkdldFBsYWNlEAIYBCAA
Website: https://www.cena.restaurant/
Booking: https://thefork.fr/restaurant/cena-r848950/?cc=24751-923"
Restaurant David Toutain,"29 Rue Surcouf, 75007 Paris, France",Paris,7e,,restaurant,,€€€,4.6,859,48.8602571,2.3097285,https://maps.google.com/?cid=5280236061836376229&g_mp=CiVnb29nbGUubWFwcy5wbGFjZXMudjEuUGxhY2VzLkdldFBsYWNlEAIYBCAA,https://www.davidtoutain.com/,https://thefork.fr/restaurant/david-toutain-r33479/?cc=24751-923,"Type: Fine Dining Restaurant
Arrondissement: 7e
Price: €€€
Google: 4.6 (859 reviews)
Food types: restaurant
Tags: Restaurant, Gastro / higher end
Google summary: Tasting menus of daring modern cuisine, plus wine pairing, in a minimalist, oak-paneled space.
Google Maps: https://maps.google.com/?cid=5280236061836376229&g_mp=CiVnb29nbGUubWFwcy5wbGFjZXMudjEuUGxhY2VzLkdldFBsYWNlEAIYBCAA
Website: https://www.davidtoutain.com/
Booking: https://thefork.fr/restaurant/david-toutain-r33479/?cc=24751-923"
Restaurant Drouant,"16-18 Place Gaillon, Paris 75002",Paris,2e,,restaurant,,€€€,4.2,1334,48.8686426,2.3344382,https://maps.google.com/?cid=8674680426340803033&g_mp=CiVnb29nbGUubWFwcy5wbGFjZXMudjEuUGxhY2VzLkdldFBsYWNlEAIYBCAA,http://www.drouant.com/,https://thefork.fr/restaurant/drouant-r569553/?cc=24751-923,"Type: French Restaurant
Arrondissement: 2e
Price: €€€
Google: 4.2 (1,334 reviews)
Food types: restaurant
Tags: Bistrot, Gastro / higher end, Restaurant
Google summary: Art Deco French restaurant with famed staircase & lounges, for classic food with modern influences.
Google Maps: https://maps.google.com/?cid=8674680426340803033&g_mp=CiVnb29nbGUubWFwcy5wbGFjZXMudjEuUGxhY2VzLkdldFBsYWNlEAIYBCAA
Website: http://www.drouant.com/
Booking: https://thefork.fr/restaurant/drouant-r569553/?cc=24751-923"
Restaurant Kei,"5 Rue Coq Héron, 75001 Paris, France",Paris,1er,,restaurant,,€€€€,4.7,1227,48.8643574,2.3420781,https://maps.google.com/?cid=9257759260887336002&g_mp=CiVnb29nbGUubWFwcy5wbGFjZXMudjEuUGxhY2VzLkdldFBsYWNlEAIYBCAA,http://www.restaurant-kei.fr/,https://bookings.zenchef.com/results?rid=365417&fullscreen=1&mini=0&pid=mapstr&primaryColor=FFC222&type=web,"Type: French Restaurant
Arrondissement: 1er
Price: €€€€
Google: 4.7 (1,227 reviews)
Food types: restaurant
Tags: Restaurant, Gastro / higher end
Google summary: High-end venue for Japanese/French fusion, with an artfully presented tasting menu & European wines.
Google Maps: https://maps.google.com/?cid=9257759260887336002&g_mp=CiVnb29nbGUubWFwcy5wbGFjZXMudjEuUGxhY2VzLkdldFBsYWNlEAIYBCAA
Website: http://www.restaurant-kei.fr/
Booking: https://bookings.zenchef.com/results?rid=365417&fullscreen=1&mini=0&pid=mapstr&primaryColor=FFC222&type=web"
Restaurant La Scène - Stéphanie Le Quellec,"32 Av. Matignon, 75008 Paris, France",Paris,8e,,restaurant,,€€€€,4.7,1027,48.8719824,2.3144676,https://maps.google.com/?cid=6508746646158541023&g_mp=CiVnb29nbGUubWFwcy5wbGFjZXMudjEuUGxhY2VzLkdldFBsYWNlEAIYBCAA,https://www.la-scene.paris/,https://thefork.fr/restaurant/la-scene--r823229/?cc=24751-923,"Type: French Restaurant
Arrondissement: 8e
Price: €€€€
Google: 4.7 (1,027 reviews)
Food types: restaurant
Tags: Restaurant, Gastro / higher end
Google summary: Warm, stylish restaurant plating an acclaimed chef's refined, modern French fare & tasting menus.
Google Maps: https://maps.google.com/?cid=6508746646158541023&g_mp=CiVnb29nbGUubWFwcy5wbGFjZXMudjEuUGxhY2VzLkdldFBsYWNlEAIYBCAA
Website: https://www.la-scene.paris/
Booking: https://thefork.fr/restaurant/la-scene--r823229/?cc=24751-923"
Restaurant Lasserre,"17 Avenue Franklin Delano Roosevelt, 75008 Paris, France",Paris,8e,,restaurant,,€€€€,4.5,649,48.8663019,2.3097918,https://maps.google.com/?cid=14932709781497144347&g_mp=CiVnb29nbGUubWFwcy5wbGFjZXMudjEuUGxhY2VzLkdldFBsYWNlEAIYBCAA,http://www.restaurant-lasserre.com/,https://thefork.fr/restaurant/lasserre-r250/?cc=24751-923,"Type: French Restaurant
Arrondissement: 8e
Price: €€€€
Google: 4.5 (649 reviews)
Food types: restaurant
Tags: Restaurant, Gastro / higher end
Google summary: Refined takes on classic French fare, plus tasting menus & wine pairings, in an elegant space.
Google Maps: https://maps.google.com/?cid=14932709781497144347&g_mp=CiVnb29nbGUubWFwcy5wbGFjZXMudjEuUGxhY2VzLkdldFBsYWNlEAIYBCAA
Website: http://www.restaurant-lasserre.com/
Booking: https://thefork.fr/restaurant/lasserre-r250/?cc=24751-923"
Restaurant Plume,"24 Rue Pierre Leroux, 75007 Paris, France",Paris,7e,,restaurant,,,4.5,737,48.8487714,2.319201,https://maps.google.com/?cid=8312512234578341059&g_mp=CiVnb29nbGUubWFwcy5wbGFjZXMudjEuUGxhY2VzLkdldFBsYWNlEAIYBCAA,https://restaurant-plume.com/,https://bookings.zenchef.com/results?rid=374979&fullscreen=1&mini=0&pid=mapstr&primaryColor=FFC222&type=web,"Type: Restaurant
Arrondissement: 7e
Google: 4.5 (737 reviews)
Food types: restaurant
Tags: Restaurant, Gastro / higher end, Bistrot
Google summary: Fine dining in a trendy, airy locale with wood accents, geometric patterns & dangling Edison bulbs.
Google Maps: https://maps.google.com/?cid=8312512234578341059&g_mp=CiVnb29nbGUubWFwcy5wbGFjZXMudjEuUGxhY2VzLkdldFBsYWNlEAIYBCAA
Website: https://restaurant-plume.com/
Booking: https://bookings.zenchef.com/results?rid=374979&fullscreen=1&mini=0&pid=mapstr&primaryColor=FFC222&type=web"
Sugaar,"5 Rue Gozlin, 75006 Paris, France",Paris,6e,,restaurant,,,4,420,48.853292,2.333627,https://maps.google.com/?cid=11057144900801582300&g_mp=CiVnb29nbGUubWFwcy5wbGFjZXMudjEuUGxhY2VzLkdldFBsYWNlEAIYBCAA,,https://bookings.zenchef.com/results?rid=358531&fullscreen=1&mini=0&pid=mapstr&primaryColor=FFC222&type=web,"Type: Restaurant
Arrondissement: 6e
Google: 4.0 (420 reviews)
Food types: restaurant
Tags: Bistrot, Gastro / higher end
Google Maps: https://maps.google.com/?cid=11057144900801582300&g_mp=CiVnb29nbGUubWFwcy5wbGFjZXMudjEuUGxhY2VzLkdldFBsYWNlEAIYBCAA
Booking: https://bookings.zenchef.com/results?rid=358531&fullscreen=1&mini=0&pid=mapstr&primaryColor=FFC222&type=web"
Sushi Yoshinaga,"Rue du 4 septembre, Paris, France",Paris,,,restaurant,,,4.9,171,48.8697398,2.3349676,https://maps.google.com/?cid=18008410189701662218&g_mp=CiVnb29nbGUubWFwcy5wbGFjZXMudjEuUGxhY2VzLkdldFBsYWNlEAIYBCAA,https://www.sushiyoshinaga.com/,https://bookings.zenchef.com/results?rid=360895&fullscreen=1&mini=0&pid=mapstr&primaryColor=FFC222&type=web,"Type: Sushi Restaurant
Google: 4.9 (171 reviews)
Food types: restaurant
Tags: Japanese, Gastro / higher end
Google Maps: https://maps.google.com/?cid=18008410189701662218&g_mp=CiVnb29nbGUubWFwcy5wbGFjZXMudjEuUGxhY2VzLkdldFBsYWNlEAIYBCAA
Website: https://www.sushiyoshinaga.com/
Booking: https://bookings.zenchef.com/results?rid=360895&fullscreen=1&mini=0&pid=mapstr&primaryColor=FFC222&type=web"
Virtus,"29 rue de Cotte, 75012 Paris, France",Paris,12e,,restaurant,,,4.8,1419,48.85023,2.37814,https://maps.google.com/?cid=14741883095609162408&g_mp=CiVnb29nbGUubWFwcy5wbGFjZXMudjEuUGxhY2VzLkdldFBsYWNlEAIYBCAA,https://www.virtus-paris.com/,https://bookings.zenchef.com/results?rid=360122&fullscreen=1&mini=0&pid=mapstr&primaryColor=FFC222&type=web,"Type: Fine Dining Restaurant
Arrondissement: 12e
Google: 4.8 (1,419 reviews)
Food types: restaurant
Tags: Restaurant, Gastro / higher end
Google summary: Innovative, elevated tasting menus & wines are offered in this trendy restaurant with vintage decor.
Google Maps: https://maps.google.com/?cid=14741883095609162408&g_mp=CiVnb29nbGUubWFwcy5wbGFjZXMudjEuUGxhY2VzLkdldFBsYWNlEAIYBCAA
Website: https://www.virtus-paris.com/
Booking: https://bookings.zenchef.com/results?rid=360122&fullscreen=1&mini=0&pid=mapstr&primaryColor=FFC222&type=web"
Épopée,"52 Rue Léon Frot, 75011 Paris, France",Paris,11e,,restaurant,,,4.8,104,48.8561329,2.3861665,https://maps.google.com/?cid=9656181437775388142&g_mp=CiVnb29nbGUubWFwcy5wbGFjZXMudjEuUGxhY2VzLkdldFBsYWNlEAIYBCAA,https://www.epopee-charonne.fr/,,"Type: French Restaurant
Arrondissement: 11e
Google: 4.8 (104 reviews)
Food types: restaurant
Tags: Gastro / higher end, Restaurant
Google Maps: https://maps.google.com/?cid=9656181437775388142&g_mp=CiVnb29nbGUubWFwcy5wbGFjZXMudjEuUGxhY2VzLkdldFBsYWNlEAIYBCAA
Website: https://www.epopee-charonne.fr/"
